{
  "model_info": {
    "model_type": "Pipeline",
    "target_name": "final_grade",
    "feature_names": [
      "study_hours",
      "attendance_rate",
      "previous_grade",
      "assignments_completed",
      "extra_activities"
    ],
    "n_features": 5,
    "created_date": "2025-05-31T09:34:30.434116",
    "model_version": "1.0.0"
  },
  "training_info": {
    "training_metrics": {
      "cv_mean": 0.8553006829168097,
      "cv_std": 0.018619704830833465,
      "test_r2": 0.8380927383574619,
      "test_rmse": 5.061229150687666,
      "test_mae": 3.517346483230669,
      "test_mape": 4.400947006870063
    },
    "data_summary": {
      "shape": [
        800,
        6
      ],
      "memory_usage_mb": 0.036746978759765625,
      "dtypes": {
        