{
  "model_info": {
    "model_type": "GradientBoostingRegressor",
    "target_name": "final_grade",
    "feature_names": [
      "study_hours",
      "attendance_rate",
      "previous_grade",
      "assignments_completed",
      "extra_activities"
    ],
    "n_features": 5,
    "created_date": "2025-05-31T09:35:03.609407",
    "model_version": "1.0.0"
  },
  "training_info": {
    "training_metrics": {
      "cv_mean": 0.8605345352874639,
      "cv_std": 0.02838944706091399,
      "test_r2": 0.8390371817024013,
      "test_rmse": 5.046445887331882,
      "test_mae": 3.7282704025705558,
      "test_mape": 4.557029443971292
    },
    "data_summary": {
      "shape": [
        800,
        6
      ],
      "memory_usage_mb": 0.036746978759765625,
      "dtypes": {
        