{
  "model_info": {
    "model_type": "Pipeline",
    "target_name": "final_grade",
    "feature_names": [
      "study_hours",
      "attendance_rate",
      "previous_grade",
      "assignments_completed",
      "extra_activities"
    ],
    "n_features": 5,
    "created_date": "2025-05-31T11:08:55.726691",
    "model_version": "1.0.0"
  },
  "training_info": {
    "training_metrics": {
      "cv_mean": 0.8553006829168097,
      "cv_std": 0.018619704830833476,
      "test_r2": 0.8380927383574618,
      "test_rmse": 5.061229150687667,
      "test_mae": 3.5173464832306687,
      "test_mape": 4.400947006870062
    },
    "data_summary": {
      "shape": [
        800,
        6
      ],
      "memory_usage_mb": 0.036746978759765625,
      "dtypes": {
        "float64": 5,
        "int64": 1
      },
      "missing_values": {
        "study_hours": 0,
        "attendance_rate": 0,
        "previous_grade": 0,
        "assignments_completed": 0,
        "extra_activities": 0,
        "final_grade": 0
      },
      "duplicate_rows": 0,
      "numerical_columns": [
        "study_hours",
        "attendance_rate",
        "previous_grade",
        "assignments_completed",
        "extra_activities",
        "final_grade"
      ],
      "categorical_columns": [],
      "numerical_stats": {
        "study_hours": {
          "count": 800.0,
          "mean": 4.9695632551183095,
          "std": 2.936068900756513,
          "min": 0.05061583846218687,
          "25%": 2.4142562286988705,
          "50%": 5.067495287844605,
          "75%": 7.536693574653768,
          "max": 9.997176732861305
        },
        "attendance_rate": {
          "count": 800.0,
          "mean": 0.7500595226927358,
          "std": 0.14645755754759723,
          "min": 0.5023160115023014,
          "25%": 0.6177198926361627,
          "50%": 0.7523574547549088,
          "75%": 0.8697567686192451,
          "max": 0.9997068628853333
        },
        "previous_grade": {
          "count": 800.0,
          "mean": 74.94460127517802,
          "std": 14.369804490529319,
          "min": 50.078255259573645,
          "25%": 62.69269703373628,
          "50%": 75.44456687665175,
          "75%": 87.31593159529035,
          "max": 99.91737556964748
        },
        "assignments_completed": {
          "count": 800.0,
          "mean": 0.5004098581190322,
          "std": 0.29118493505194126,
          "min": 1.1634755366141114e-05,
          "25%": 0.2655186591078213,
          "50%": 0.4950363966696451,
          "75%": 0.7542524380983162,
          "max": 0.9978208556819782
        },
        "extra_activities": {
          "count": 800.0,
          "mean": 2.04125,
          "std": 1.4219971984995885,
          "min": 0.0,
          "25%": 1.0,
          "50%": 2.0,
          "75%": 3.0,
          "max": 4.0
        },
        "final_grade": {
          "count": 800.0,
          "mean": 87.1600098204011,
          "std": 13.548915060865749,
          "min": 44.03362716854559,
          "25%": 77.44011501714067,
          "50%": 90.73910906300249,
          "75%": 100.0,
          "max": 100.0
        }
      }
    },
    "preprocessing_steps": [],
    "optimization_results": {},
    "feature_importance": [
      {
        "feature": "study_hours",
        "importance": 0.6900245992268169,
        "method": "Tree-based Feature Importance"
      },
      {
        "feature": "assignments_completed",
        "importance": 0.12784867732699406,
        "method": "Tree-based Feature Importance"
      },
      {
        "feature": "attendance_rate",
        "importance": 0.10004992013068321,
        "method": "Tree-based Feature Importance"
      },
      {
        "feature": "previous_grade",
        "importance": 0.061949743964054275,
        "method": "Tree-based Feature Importance"
      },
      {
        "feature": "extra_activities",
        "importance": 0.020127059351451638,
        "method": "Tree-based Feature Importance"
      }
    ]
  },
  "preprocessing_steps": [],
  "configuration": {
    "test_size": 0.2,
    "random_state": 42,
    "max_rows_for_analysis": 50000,
    "cv_folds": 5,
    "models_to_include": [
      "linear",
      "ridge",
      "random_forest"
    ],
    "scoring_metric": "r2",
    "handle_missing": "auto",
    "encode_categorical": "one_hot_encoding",
    "scale_features": true,
    "hyperparameter_tuning": true,
    "tuning_method": "random",
    "tuning_iterations": 50,
    "save_plots": true,
    "create_deployment_package": true,
    "output_directory": "regression_output"
  },
  "model_hash": "a00758fc3ba0e74d2b47df3d541c5556"
}